https://www.linkedin.com/in/hafiz-muhammad-atif-1a6757126/,Hi there! I'd like to connect with you on LinkedIn. Looking forward to networking!,Success
https://www.linkedin.com/in/saad-bin-farooq/,Hi there! I'd like to connect with you on LinkedIn. Looking forward to networking!,Success
https://www.linkedin.com/in/muhammad-tahir-sundhu/,Success
https://www.linkedin.com/in/maaz-ahmed-354a3323b/,Success
https://www.linkedin.com/in/haseeb-ahmed-17509a27b/,Success
https://www.linkedin.com/in/faez-akhtar/,Success
https://www.linkedin.com/in/usmanshafique4342/,Success
https://www.linkedin.com/in/ahmadashiq/,Success with Note
https://www.linkedin.com/in/momen-rasool-5a371924a/,Success with Note
https://www.linkedin.com/in/muhammad-umar-74a239205/,Success with Note
"https://www.linkedin.com/in/usmanamirparwaz/,Success with Note"
"https://www.linkedin.com/in/aman-imtiaz-b684501/,Failed - Profile Not Found (Timeout)"
"https://www.linkedin.com/in/aman-imtiaz-b68450165/,Success with Note"
"https://www.linkedin.com/in/aman-imtiaz-b684501/,Failed - Profile Not Found (Timeout)"
"https://www.linkedin.com/in/thesaad01/,Success with Note"
"https://www.linkedin.com/in/subhan-attique-48a7a8274/,Success with Note"
"https://www.linkedin.com/in/iamirsaleem/,Failed - Failed - Message: "
"https://www.linkedin.com/in/nouman-ahmad-302326235/,Success with Note"
"https://www.linkedin.com/in/haiderali05/,Success with Note"
https://www.linkedin.com/in/syedahsanrazaoffical/,Success with Note
